Workbook

Sheet 01 Project Overview
A1: SI Engine Performance Analysis
A3: Project title | B3: Performance Analysis of a SI Engine under Different Operating Conditions
A4: Project type | B4: Modeled engineering study
A5: Objective | B5: Evaluate SI-engine performance over 1500–5000 rpm using standard engine-performance equations.
A7: Engine configuration | D7: Key performance results
A8: Type | B8: 4-stroke, naturally aspirated SI | D8: Maximum torque | E8: ='Performance Results'!B4 -> 100
A9: Cylinders | B9: ='Engine Specifications'!B5 -> 4 | D9: Maximum brake power | E9: ='Performance Results'!B5 -> 46.076692
A10: Displacement | B10: ='Engine Specifications'!B9 -> 1.8096 | D10: Minimum BSFC | E10: ='Performance Results'!B6 -> 265
A11: Bore × Stroke | B11: =TEXT('Engine Specifications'!B6,"0")&" mm × "&TEXT('Engine Specifications'!B7,"0")&" mm" -> 80 mm × 90 mm | D11: Maximum BTE | E11: ='Performance Results'!B7 -> 30.874786
A12: Compression ratio | B12: ='Engine Specifications'!B8 -> 9.5 | D12: Maximum volumetric efficiency | E12: ='Performance Results'!B8 -> 62.58863
A13: Fuel | B13: ='Engine Specifications'!B11 -> Petrol
A14: Calorific value | B14: =TEXT('Engine Specifications'!B12,"0.0")&" MJ/kg" -> 44.0 MJ/kg
A17: Analysis workflow
A18: 1. Define engine geometry and operating assumptions.
A19: 2. Provide representative operating inputs: RPM, torque, BSFC and AFR.
A20: 3. Calculate brake power, fuel flow, air flow, BTE and volumetric efficiency.
A21: 4. Plot performance characteristics and identify peak/minimum operating points.
A22: 5. Check consistency and document representative uncertainty assumptions.
A25: Data-use statement
A26: The numerical operating dataset in this workbook is representative/modelled data for portfolio analysis. It must not be presented as physical dynamometer measurements unless an actual experiment is performed.

Sheet Engine Specifications
A1: SI Engine Performance Analysis
A3: Parameter | B3: Value | C3: Unit
A4: Engine type | B4: 4-Stroke SI | C4: -
A5: Number of cylinders | B5: 4 | C5: -
A6: Bore | B6: 80 | C6: mm
A7: Stroke | B7: 90 | C7: mm
A8: Compression ratio | B8: 9.5 | C8: -
A9: Displacement | B9: 1.8096 | C9: L
A10: Displacement | B10: 0.0018096 | C10: m³
A11: Fuel | B11: Petrol | C11: -
A12: Calorific value | B12: 44 | C12: MJ/kg
A13: Ambient temperature | B13: 25 | C13: °C
A14: Ambient pressure | B14: 101.325 | C14: kPa
A15: Air density | B15: 1.184 | C15: kg/m³
A18: Displacement verification
A19: Formula | B19: π/4 × Bore² × Stroke × Cylinders
A20: Calculated displacement (m³) | B20: =PI()/4*(B6/1000)^2*(B7/1000)*B5 -> 0.0018095574
A21: Calculated displacement (L) | B21: =B20*1000 -> 1.8095574
A23: Engineering note | B23: The displacement shown above is verified from bore, stroke and cylinder count. Small differences may occur from display rounding.

Sheet Input Data
A1: Modeled Operating Inputs
A2: Representative modeled operating inputs
A3: RPM | B3: Torque (N·m) | C3: BSFC (g/kWh) | D3: AFR
A4: 1500 | B4: 65 | C4: 330 | D4: 14.5
A5: 2000 | B5: 82 | C5: 295 | D5: 14.5
A6: 2500 | B6: 92 | C6: 275 | D6: 14.4
A7: 3000 | B7: 98 | C7: 265 | D7: 14.3
A8: 3500 | B8: 100 | C8: 270 | D8: 14.2
A9: 4000 | B9: 98 | C9: 280 | D9: 14
A10: 4500 | B10: 94 | C10: 295 | D10: 13.8
A11: 5000 | B11: 88 | C11: 315 | D11: 13.6
A14: Note | B14: These are modeled inputs for an engineering analysis, not claimed physical measurements.
A16: Input-definition note | B16: RPM and torque define brake power; BSFC defines fuel flow; AFR defines air flow.

Sheet Calculations
A1: Engine Performance Calculations
A3: RPM | B3: Torque (N·m) | C3: Brake Power (kW) | D3: BSFC (g/kWh) | E3: Fuel Flow (kg/h) | F3: AFR | G3: Air Flow (kg/h) | H3: BTE (%) | I3: Volumetric Efficiency (%)
A4: ='Input Data'!A4 -> 1500 | B4: ='Input Data'!B4 -> 65 | C4: =2*PI()*A4*B4/60000 -> 10.210176 | D4: ='Input Data'!C4 -> 330 | E4: =C4*D4/1000 -> 3.3693581 | F4: ='Input Data'!D4 -> 14.5 | G4: =E4*F4 -> 48.855693 | H4: =C4/((E4/3.6)*'Engine Specifications'!$B$12)*100 -> 24.793388 | I4: =(G4/3600)/('Engine Specifications'!$B$15*'Engine Specifications'!$B$20*A4/(2*60))*100 -> 50.673232
A5: ='Input Data'!A5 -> 2000 | B5: ='Input Data'!B5 -> 82 | C5: =2*PI()*A5*B5/60000 -> 17.17404 | D5: ='Input Data'!C5 -> 295 | E5: =C5*D5/1000 -> 5.0663418 | F5: ='Input Data'!D5 -> 14.5 | G5: =E5*F5 -> 73.461955 | H5: =C5/((E5/3.6)*'Engine Specifications'!$B$12)*100 -> 27.734977 | I5: =(G5/3600)/('Engine Specifications'!$B$15*'Engine Specifications'!$B$20*A5/(2*60))*100 -> 57.146176
A6: ='Input Data'!A6 -> 2500 | B6: ='Input Data'!B6 -> 92 | C6: =2*PI()*A6*B6/60000 -> 24.085544 | D6: ='Input Data'!C6 -> 275 | E6: =C6*D6/1000 -> 6.6235245 | F6: ='Input Data'!D6 -> 14.4 | G6: =E6*F6 -> 95.378753 | H6: =C6/((E6/3.6)*'Engine Specifications'!$B$12)*100 -> 29.752066 | I6: =(G6/3600)/('Engine Specifications'!$B$15*'Engine Specifications'!$B$20*A6/(2*60))*100 -> 59.356231
A7: ='Input Data'!A7 -> 3000 | B7: ='Input Data'!B7 -> 98 | C7: =2*PI()*A7*B7/60000 -> 30.787608 | D7: ='Input Data'!C7 -> 265 | E7: =C7*D7/1000 -> 8.1587161 | F7: ='Input Data'!D7 -> 14.3 | G7: =E7*F7 -> 116.66964 | H7: =C7/((E7/3.6)*'Engine Specifications'!$B$12)*100 -> 30.874786 | I7: =(G7/3600)/('Engine Specifications'!$B$15*'Engine Specifications'!$B$20*A7/(2*60))*100 -> 60.505004
A8: ='Input Data'!A8 -> 3500 | B8: ='Input Data'!B8 -> 100 | C8: =2*PI()*A8*B8/60000 -> 36.651914 | D8: ='Input Data'!C8 -> 270 | E8: =C8*D8/1000 -> 9.8960169 | F8: ='Input Data'!D8 -> 14.2 | G8: =E8*F8 -> 140.52344 | H8: =C8/((E8/3.6)*'Engine Specifications'!$B$12)*100 -> 30.30303 | I8: =(G8/3600)/('Engine Specifications'!$B$15*'Engine Specifications'!$B$20*A8/(2*60))*100 -> 62.464809
A9: ='Input Data'!A9 -> 4000 | B9: ='Input Data'!B9 -> 98 | C9: =2*PI()*A9*B9/60000 -> 41.050144 | D9: ='Input Data'!C9 -> 280 | E9: =C9*D9/1000 -> 11.49404 | F9: ='Input Data'!D9 -> 14 | G9: =E9*F9 -> 160.91656 | H9: =C9/((E9/3.6)*'Engine Specifications'!$B$12)*100 -> 29.220779 | I9: =(G9/3600)/('Engine Specifications'!$B$15*'Engine Specifications'!$B$20*A9/(2*60))*100 -> 62.58863
A10: ='Input Data'!A10 -> 4500 | B10: ='Input Data'!B10 -> 94 | C10: =2*PI()*A10*B10/60000 -> 44.296456 | D10: ='Input Data'!C10 -> 295 | E10: =C10*D10/1000 -> 13.067455 | F10: ='Input Data'!D10 -> 13.8 | G10: =E10*F10 -> 180.33087 | H10: =C10/((E10/3.6)*'Engine Specifications'!$B$12)*100 -> 27.734977 | I10: =(G10/3600)/('Engine Specifications'!$B$15*'Engine Specifications'!$B$20*A10/(2*60))*100 -> 62.346526
A11: ='Input Data'!A11 -> 5000 | B11: ='Input Data'!B11 -> 88 | C11: =2*PI()*A11*B11/60000 -> 46.076692 | D11: ='Input Data'!C11 -> 315 | E11: =C11*D11/1000 -> 14.514158 | F11: ='Input Data'!D11 -> 13.6 | G11: =E11*F11 -> 197.39255 | H11: =C11/((E11/3.6)*'Engine Specifications'!$B$12)*100 -> 25.974026 | I11: =(G11/3600)/('Engine Specifications'!$B$15*'Engine Specifications'!$B$20*A11/(2*60))*100 -> 61.420796
A14: Formula notes
A15: Brake Power = 2πNT/60000
A16: Fuel Flow = Brake Power × BSFC / 1000
A17: Air Flow = Fuel Flow × AFR
A18: BTE = Brake Power / (Fuel Flow/3.6 × Calorific Value) × 100
A19: Volumetric Efficiency = (Air Flow/3600) / (ρ × Vd × RPM/(2×60)) × 100

Sheet Performance Results
A1: Performance Summary
A2: Key results extracted automatically from the calculation sheet.
A3: Parameter | B3: Best / Peak Value | C3: Operating Point
A4: Maximum Torque (N·m) | B4: =MAX(Calculations!B4:B11) -> 100 | C4: =INDEX(Calculations!A4:A11,MATCH(B4,Calculations!B4:B11,0))&" rpm" -> 3500 rpm
A5: Maximum Brake Power (kW) | B5: =MAX(Calculations!C4:C11) -> 46.076692 | C5: =INDEX(Calculations!A4:A11,MATCH(B5,Calculations!C4:C11,0))&" rpm" -> 5000 rpm
A6: Minimum BSFC (g/kWh) | B6: =MIN(Calculations!D4:D11) -> 265 | C6: =INDEX(Calculations!A4:A11,MATCH(B6,Calculations!D4:D11,0))&" rpm" -> 3000 rpm
A7: Maximum BTE (%) | B7: =MAX(Calculations!H4:H11) -> 30.874786 | C7: =INDEX(Calculations!A4:A11,MATCH(B7,Calculations!H4:H11,0))&" rpm" -> 3000 rpm
A8: Maximum Volumetric Efficiency (%) | B8: =MAX(Calculations!I4:I11) -> 62.58863 | C8: =INDEX(Calculations!A4:A11,MATCH(B8,Calculations!I4:I11,0))&" rpm" -> 4000 rpm
A11: Engineering observations
A12: • Torque peaks near the mid-speed region and declines at higher speed.
A13: • Brake power rises across the tested range because power depends on both torque and angular speed.
A14: • BSFC reaches its minimum around the mid-speed operating region.
A15: • Brake thermal efficiency follows the inverse trend of BSFC because lower fuel use per unit brake work indicates better fuel-energy utilization.
A16: • Volumetric efficiency improves initially and then levels off/slightly declines at high speed.

Sheet 06 Dashboard
A1: SI Engine Performance Dashboard
A3: Engine | B3: 4-cylinder, 4-stroke, naturally aspirated SI
A4: Displacement | B4: ='Engine Specifications'!B9 -> 1.8096 | C4: L
A5: Operating range | B5: =MIN(Calculations!A4:A11)&"–"&MAX(Calculations!A4:A11) -> 1500–5000 | C5: rpm
A7: Peak Torque | D7: Peak Brake Power | G7: Minimum BSFC | J7: Maximum BTE
A8: ='Performance Results'!B4 -> 100 | D8: ='Performance Results'!B5 -> 46.076692 | G8: ='Performance Results'!B6 -> 265 | J8: ='Performance Results'!B7 -> 30.874786
A9: N·m | D9: kW | G9: g/kWh | J9: %

Sheet Graphs
A1: Engine Performance Curves

Sheet Error & Uncertainty
A1: Measurement Resolution / Uncertainty Framework
A3: Measurement | B3: Representative resolution | C3: Assumed uncertainty | D3: Unit
A4: Engine speed | B4: 1 | C4: 1 | D4: rpm
A5: Torque | B5: 0.1 | C5: 0.5 | D5: N·m
A6: Fuel flow | B6: 0.01 | C6: 1 | D6: kg/h
A7: Air flow | B7: 0.1 | C7: 1 | D7: kg/h
A8: Ambient temperature | B8: 0.1 | C8: 0.5 | D8: °C
A9: Ambient pressure | B9: 0.1 | C9: 0.5 | D9: kPa
A12: Note | B12: Uncertainty values are representative assumptions for the modeled study. They should be replaced by actual instrument specifications if a physical test is performed.

Sheet 07 Error Analysis
A1: Error & Uncertainty Analysis
A3: Measurement | B3: Representative resolution | C3: Assumed uncertainty | D3: Unit | E3: Impact on analysis
A4: Engine speed | B4: 1 | C4: 1 | D4: rpm | E4: Affects brake power and volumetric-efficiency calculations.
A5: Torque | B5: 0.1 | C5: 0.5 | D5: N·m | E5: Directly affects brake power.
A6: Fuel flow | B6: 0.01 | C6: 1 | D6: kg/h | E6: Affects BSFC and brake thermal efficiency.
A7: Air flow | B7: 0.1 | C7: 1 | D7: kg/h | E7: Affects AFR/volumetric-efficiency assessment.
A8: Ambient temperature | B8: 0.1 | C8: 0.5 | D8: °C | E8: Influences air-density estimation.
A9: Ambient pressure | B9: 0.1 | C9: 0.5 | D9: kPa | E9: Influences air-density estimation.
A12: Uncertainty note | B12: These values are representative assumptions for a modeled study. For a physical test, use the calibration certificates/specifications of the actual tachometer, load cell, flow meters and environmental sensors.

Sheet 08 Methodology
A1: Test-Bed Methodology & Instrumentation
A3: Modeled test-bed representation
A4: • Engine → dynamometer → controlled load application.
A5: • Set the target engine speed and allow the operating point to stabilize.
A6: • Record torque/load, engine speed, fuel consumption and air flow.
A7: • Use standard equations to calculate brake power, BSFC, BTE, AFR and volumetric efficiency.
A8: • Repeat for each speed point from 1500 to 5000 rpm.
A9: • Compare trends and identify the most efficient operating region.
A12: Representative instrumentation
A13: Engine speed | B13: Digital tachometer / speed sensor
A14: Torque | B14: Dynamometer load cell / torque measurement
A15: Fuel consumption | B15: Fuel-flow measurement system
A16: Air flow | B16: Air-flow meter
A17: Temperature | B17: Ambient temperature sensor
A18: Pressure | B18: Ambient pressure sensor
A21: Important scope statement
A22: This workbook models the analysis workflow; it does not claim that the listed measurements were physically recorded on a laboratory dynamometer.

Sheet 09 Engineering Checks
A1: Engineering Consistency Checks
A3: Check | B3: Calculated / status | C3: Expected condition | D3: Result | E3: Comment
A4: Displacement verification | B4: ='Engine Specifications'!B20 -> 0.0018095574 | C4: 0.0018 m³ approximately | D4: =IF(ABS(B4-0.0018096)<0.000001,"PASS","CHECK") -> PASS | E4: Geometry-based displacement.
A5: Maximum torque | B5: =MAX(Calculations!B4:B11) -> 100 | C5: Positive and within model range | D5: =IF(B5>0,"PASS","CHECK") -> PASS | E5: Peak occurs near mid-speed.
A6: Maximum brake power | B6: =MAX(Calculations!C4:C11) -> 46.076692 | C6: Positive | D6: =IF(B6>0,"PASS","CHECK") -> PASS | E6: Power must be positive.
A7: Minimum BSFC | B7: =MIN(Calculations!D4:D11) -> 265 | C7: Positive | D7: =IF(B7>0,"PASS","CHECK") -> PASS | E7: Lower BSFC indicates better fuel economy.
A8: BTE range | B8: =MAX(Calculations!H4:H11) -> 30.874786 | C8: 0 < BTE < 100% | D8: =IF(AND(MIN(Calculations!H4:H11)>0,MAX(Calculations!H4:H11)<100),"PASS","CHECK") -> PASS | E8: Reject impossible efficiency values.
A9: Volumetric efficiency | B9: =MAX(Calculations!I4:I11) -> 62.58863 | C9: 0 < ηv < 100% | D9: =IF(AND(MIN(Calculations!I4:I11)>0,MAX(Calculations!I4:I11)<100),"PASS","CHECK") -> PASS | E9: Model remains within a plausible range.
A10: AFR | B10: =AVERAGE(Calculations!F4:F11) -> 14.1625 | C10: Positive | D10: =IF(B9>0,"PASS","CHECK") -> PASS | E10: Representative petrol mixture range.
